INSERT INTO recipes VALUES ('123e4567-e89b-42d3-a456-556642440001', 'Sampita', 'Anelov najdrazi kolac', '1. Kupite sampitu. 2. Poklonite Anelu');
INSERT INTO recipes VALUES ('123e4567-e89b-42d3-a456-556642440002', 'Mon chai', 'Cheesecake iz Metropolisa', '1. Odete u Metropolis. 2. Kupite.');

INSERT INTO categories VALUES ('123e4567-e89b-42d3-a456-556642440003', 'Kolac');
INSERT INTO categories VALUES ('123e4567-e89b-42d3-a456-556642440004', 'Dorucak');

INSERT INTO ingredients VALUES ('123e4567-e89b-42d3-a456-556642440000', 'Sir');
INSERT INTO ingredients VALUES ('123e4567-e89b-42d3-a456-556642440001', 'Visnja');
INSERT INTO ingredients VALUES ('123e4567-e89b-42d3-a456-556642440002', 'Slag');

INSERT INTO recipe_categories VALUES ('123e4567-e89b-42d3-a456-556642440001', '123e4567-e89b-42d3-a456-556642440003');
INSERT INTO recipe_categories VALUES ('123e4567-e89b-42d3-a456-556642440002', '123e4567-e89b-42d3-a456-556642440003');

INSERT INTO recipe_ingredients VALUES ('123e4567-e89b-42d3-a456-556642440001', '123e4567-e89b-42d3-a456-556642440002');
INSERT INTO recipe_ingredients VALUES ('123e4567-e89b-42d3-a456-556642440002', '123e4567-e89b-42d3-a456-556642440000');
INSERT INTO recipe_ingredients VALUES ('123e4567-e89b-42d3-a456-556642440002', '123e4567-e89b-42d3-a456-556642440002');

INSERT INTO diets VALUES ('123e4567-e89b-42d3-a456-556642440000', 'Sporcka ishrana', 'Idealna dijeta preko vikenda', 3, 'f',
'123e4567-e89b-42d3-a456-556642440001');

INSERT INTO diet_recipes VALUES ('123e4567-e89b-42d3-a456-556642440000', '123e4567-e89b-42d3-a456-556642440001');
INSERT INTO diet_recipes VALUES ('123e4567-e89b-42d3-a456-556642440000', '123e4567-e89b-42d3-a456-556642440002');

INSERT INTO images VALUES ('123e4567-e89b-42d3-a456-556642440000',
decode('iVBORw0KGgoAAAANSUhEUgAAAAEAAAABCAYAAAAfFcSJAAAADUlEQVR42mP8z/C/HgAGgwJ/lK3Q6wAAAABJRU5ErkJggg==', 'base64'),
'123e4567-e89b-42d3-a456-556642440001');
INSERT INTO images VALUES ('123e4567-e89b-42d3-a456-556642440001',
decode('iVBORw0KGgoAAAANSUhEUgAAAAEAAAABCAYAAAAfFcSJAAAADUlEQVR42mP8z/C/HgAGgwJ/lK3Q6wAAAABJRU5ErkJggg==', 'base64'),
'123e4567-e89b-42d3-a456-556642440001');
INSERT INTO images VALUES ('123e4567-e89b-42d3-a456-556642440002',
decode('iVBORw0KGgoAAAANSUhEUgAAAAEAAAABCAYAAAAfFcSJAAAADUlEQVR42mP8z/C/HgAGgwJ/lK3Q6wAAAABJRU5ErkJggg==', 'base64'),
'123e4567-e89b-42d3-a456-556642440001');
INSERT INTO images VALUES ('123e4567-e89b-42d3-a456-556642440004',
decode('iVBORw0KGgoAAAANSUhEUgAAAAEAAAABCAYAAAAfFcSJAAAADUlEQVR42mP8z/C/HgAGgwJ/lK3Q6wAAAABJRU5ErkJggg==', 'base64'),
'123e4567-e89b-42d3-a456-556642440002');
